{
  "trial_id": 35,
  "mode": "cuda",
  "train_time_sec": 4.717350721359253,
  "metrics": {
    "accuracy": 0.9409632314862766,
    "uar_macro_recall": 0.9331342483834648,
    "macro_f1": 0.9328273151732136
  },
  "params": {
    "n_estimators": 800,
    "learning_rate": 0.05,
    "max_depth": 6,
    "min_child_weight": 4,
    "subsample": 0.7,
    "colsample_bytree": 0.8,
    "gamma": 2.0,
    "reg_lambda": 1.0,
    "reg_alpha": 0.5
  }
}