{
  "trial_id": 11,
  "mode": "cuda",
  "train_time_sec": 5.926294565200806,
  "metrics": {
    "accuracy": 0.9376340904046756,
    "uar_macro_recall": 0.929777753700011,
    "macro_f1": 0.9294273758722746
  },
  "params": {
    "n_estimators": 1800,
    "learning_rate": 0.07,
    "max_depth": 6,
    "min_child_weight": 4,
    "subsample": 0.7,
    "colsample_bytree": 0.7,
    "gamma": 5.0,
    "reg_lambda": 10.0,
    "reg_alpha": 0.5
  }
}