{
  "trial_id": 23,
  "mode": "cuda",
  "train_time_sec": 20.186372995376587,
  "metrics": {
    "accuracy": 0.944070429829104,
    "uar_macro_recall": 0.9364107156949917,
    "macro_f1": 0.9361006376808889
  },
  "params": {
    "n_estimators": 1800,
    "learning_rate": 0.02,
    "max_depth": 6,
    "min_child_weight": 1,
    "subsample": 0.6,
    "colsample_bytree": 0.8,
    "gamma": 0.0,
    "reg_lambda": 10.0,
    "reg_alpha": 0.1
  }
}