{
  "trial_id": 22,
  "mode": "cuda",
  "train_time_sec": 19.901150465011597,
  "metrics": {
    "accuracy": 0.9427387733964637,
    "uar_macro_recall": 0.9349607546286309,
    "macro_f1": 0.9346618531399375
  },
  "params": {
    "n_estimators": 800,
    "learning_rate": 0.02,
    "max_depth": 12,
    "min_child_weight": 8,
    "subsample": 0.7,
    "colsample_bytree": 1.0,
    "gamma": 0.5,
    "reg_lambda": 0.5,
    "reg_alpha": 0.0
  }
}