{
  "trial_id": 12,
  "mode": "cuda",
  "train_time_sec": 9.667371273040771,
  "metrics": {
    "accuracy": 0.9419249833542946,
    "uar_macro_recall": 0.9341430706014194,
    "macro_f1": 0.9338942684957977
  },
  "params": {
    "n_estimators": 1800,
    "learning_rate": 0.1,
    "max_depth": 10,
    "min_child_weight": 8,
    "subsample": 0.9,
    "colsample_bytree": 0.8,
    "gamma": 0.5,
    "reg_lambda": 1.0,
    "reg_alpha": 2.0
  }
}