{
  "trial_id": 3,
  "mode": "cuda",
  "train_time_sec": 8.216816425323486,
  "metrics": {
    "accuracy": 0.9420729451801435,
    "uar_macro_recall": 0.9342652538315435,
    "macro_f1": 0.934015294661727
  },
  "params": {
    "n_estimators": 800,
    "learning_rate": 0.02,
    "max_depth": 6,
    "min_child_weight": 6,
    "subsample": 0.8,
    "colsample_bytree": 0.8,
    "gamma": 0.5,
    "reg_lambda": 1.0,
    "reg_alpha": 0.5
  }
}