{
  "trial_id": 30,
  "mode": "cuda",
  "train_time_sec": 2.6027400493621826,
  "metrics": {
    "accuracy": 0.9360804912332619,
    "uar_macro_recall": 0.9278178747494303,
    "macro_f1": 0.9275056606756309
  },
  "params": {
    "n_estimators": 400,
    "learning_rate": 0.07,
    "max_depth": 8,
    "min_child_weight": 6,
    "subsample": 0.8,
    "colsample_bytree": 0.9,
    "gamma": 5.0,
    "reg_lambda": 5.0,
    "reg_alpha": 0.1
  }
}