{
  "trial_id": 24,
  "mode": "cuda",
  "train_time_sec": 3.0667479038238525,
  "metrics": {
    "accuracy": 0.9374861285788266,
    "uar_macro_recall": 0.9294069203228335,
    "macro_f1": 0.9290853389084127
  },
  "params": {
    "n_estimators": 800,
    "learning_rate": 0.07,
    "max_depth": 6,
    "min_child_weight": 8,
    "subsample": 0.7,
    "colsample_bytree": 1.0,
    "gamma": 5.0,
    "reg_lambda": 5.0,
    "reg_alpha": 0.1
  }
}