{
  "trial_id": 9,
  "mode": "cuda",
  "train_time_sec": 11.10681676864624,
  "metrics": {
    "accuracy": 0.9405933269216542,
    "uar_macro_recall": 0.932460539244056,
    "macro_f1": 0.9322225935110882
  },
  "params": {
    "n_estimators": 1000,
    "learning_rate": 0.05,
    "max_depth": 12,
    "min_child_weight": 2,
    "subsample": 0.8,
    "colsample_bytree": 0.6,
    "gamma": 0.5,
    "reg_lambda": 0.5,
    "reg_alpha": 0.5
  }
}