{
  "trial_id": 4,
  "mode": "cuda",
  "train_time_sec": 5.4408838748931885,
  "metrics": {
    "accuracy": 0.936746319449582,
    "uar_macro_recall": 0.9287094241767376,
    "macro_f1": 0.9283432343129083
  },
  "params": {
    "n_estimators": 400,
    "learning_rate": 0.02,
    "max_depth": 10,
    "min_child_weight": 1,
    "subsample": 0.8,
    "colsample_bytree": 0.8,
    "gamma": 5.0,
    "reg_lambda": 2.0,
    "reg_alpha": 0.0
  }
}