{
  "trial_id": 32,
  "mode": "cuda",
  "train_time_sec": 7.528541088104248,
  "metrics": {
    "accuracy": 0.9447362580454243,
    "uar_macro_recall": 0.9372284973851326,
    "macro_f1": 0.9369613445831566
  },
  "params": {
    "n_estimators": 400,
    "learning_rate": 0.1,
    "max_depth": 10,
    "min_child_weight": 8,
    "subsample": 1.0,
    "colsample_bytree": 0.7,
    "gamma": 0.0,
    "reg_lambda": 10.0,
    "reg_alpha": 0.0
  }
}