{
  "trial_id": 19,
  "mode": "cuda",
  "train_time_sec": 12.048737525939941,
  "metrics": {
    "accuracy": 0.9398535177924096,
    "uar_macro_recall": 0.9320451245481856,
    "macro_f1": 0.9317573308009235
  },
  "params": {
    "n_estimators": 400,
    "learning_rate": 0.02,
    "max_depth": 10,
    "min_child_weight": 1,
    "subsample": 1.0,
    "colsample_bytree": 0.7,
    "gamma": 0.5,
    "reg_lambda": 5.0,
    "reg_alpha": 2.0
  }
}