{
  "trial_id": 27,
  "mode": "cuda",
  "train_time_sec": 5.348176717758179,
  "metrics": {
    "accuracy": 0.9411111933121254,
    "uar_macro_recall": 0.932975895342169,
    "macro_f1": 0.9326766242257829
  },
  "params": {
    "n_estimators": 600,
    "learning_rate": 0.1,
    "max_depth": 10,
    "min_child_weight": 2,
    "subsample": 0.9,
    "colsample_bytree": 0.7,
    "gamma": 1.0,
    "reg_lambda": 5.0,
    "reg_alpha": 0.1
  }
}