{
  "trial_id": 26,
  "mode": "cuda",
  "train_time_sec": 5.800684928894043,
  "metrics": {
    "accuracy": 0.9394096323148627,
    "uar_macro_recall": 0.9315006020903156,
    "macro_f1": 0.9312311623525047
  },
  "params": {
    "n_estimators": 1000,
    "learning_rate": 0.02,
    "max_depth": 4,
    "min_child_weight": 1,
    "subsample": 0.9,
    "colsample_bytree": 0.8,
    "gamma": 0.0,
    "reg_lambda": 1.0,
    "reg_alpha": 0.1
  }
}