{
  "trial_id": 18,
  "mode": "cuda",
  "train_time_sec": 5.87813663482666,
  "metrics": {
    "accuracy": 0.9382999186209958,
    "uar_macro_recall": 0.9301467482519321,
    "macro_f1": 0.9299156267200525
  },
  "params": {
    "n_estimators": 1000,
    "learning_rate": 0.02,
    "max_depth": 4,
    "min_child_weight": 4,
    "subsample": 0.8,
    "colsample_bytree": 0.7,
    "gamma": 0.0,
    "reg_lambda": 1.0,
    "reg_alpha": 2.0
  }
}