{
  "trial_id": 2,
  "mode": "cuda",
  "train_time_sec": 24.004868030548096,
  "metrics": {
    "accuracy": 0.9404453650958052,
    "uar_macro_recall": 0.9325706527171997,
    "macro_f1": 0.932253185930211
  },
  "params": {
    "n_estimators": 1400,
    "learning_rate": 0.02,
    "max_depth": 12,
    "min_child_weight": 2,
    "subsample": 1.0,
    "colsample_bytree": 0.9,
    "gamma": 0.5,
    "reg_lambda": 5.0,
    "reg_alpha": 2.0
  }
}