{
  "trial_id": 0,
  "mode": "cuda",
  "train_time_sec": 10.182497024536133,
  "metrics": {
    "accuracy": 0.9425908115706148,
    "uar_macro_recall": 0.9349256022218482,
    "macro_f1": 0.9346823858386584
  },
  "params": {
    "n_estimators": 1800,
    "learning_rate": 0.02,
    "max_depth": 4,
    "min_child_weight": 4,
    "subsample": 0.7,
    "colsample_bytree": 0.7,
    "gamma": 0.5,
    "reg_lambda": 0.5,
    "reg_alpha": 2.0
  }
}