{
  "trial_id": 10,
  "mode": "cuda",
  "train_time_sec": 5.1402201652526855,
  "metrics": {
    "accuracy": 0.9414810978767478,
    "uar_macro_recall": 0.9337731569657015,
    "macro_f1": 0.9334893715089136
  },
  "params": {
    "n_estimators": 1000,
    "learning_rate": 0.05,
    "max_depth": 4,
    "min_child_weight": 2,
    "subsample": 1.0,
    "colsample_bytree": 0.8,
    "gamma": 0.5,
    "reg_lambda": 5.0,
    "reg_alpha": 1.0
  }
}