{
  "trial_id": 25,
  "mode": "cuda",
  "train_time_sec": 6.492656707763672,
  "metrics": {
    "accuracy": 0.9425168306576903,
    "uar_macro_recall": 0.9349450466809073,
    "macro_f1": 0.9346283448487822
  },
  "params": {
    "n_estimators": 1000,
    "learning_rate": 0.07,
    "max_depth": 6,
    "min_child_weight": 1,
    "subsample": 0.6,
    "colsample_bytree": 0.9,
    "gamma": 1.0,
    "reg_lambda": 5.0,
    "reg_alpha": 1.0
  }
}