{
  "trial_id": 33,
  "mode": "cuda",
  "train_time_sec": 34.22043538093567,
  "metrics": {
    "accuracy": 0.9409632314862766,
    "uar_macro_recall": 0.9330712005503322,
    "macro_f1": 0.932713448903335
  },
  "params": {
    "n_estimators": 600,
    "learning_rate": 0.02,
    "max_depth": 12,
    "min_child_weight": 1,
    "subsample": 0.7,
    "colsample_bytree": 0.9,
    "gamma": 0.0,
    "reg_lambda": 10.0,
    "reg_alpha": 0.1
  }
}