{
  "trial_id": 1,
  "mode": "cuda",
  "train_time_sec": 5.615293264389038,
  "metrics": {
    "accuracy": 0.9422209070059925,
    "uar_macro_recall": 0.9343218460463942,
    "macro_f1": 0.9340875080069971
  },
  "params": {
    "n_estimators": 400,
    "learning_rate": 0.1,
    "max_depth": 10,
    "min_child_weight": 1,
    "subsample": 0.6,
    "colsample_bytree": 0.6,
    "gamma": 0.5,
    "reg_lambda": 1.0,
    "reg_alpha": 2.0
  }
}