{
  "trial_id": 39,
  "mode": "cuda",
  "train_time_sec": 5.002573251724243,
  "metrics": {
    "accuracy": 0.9349707775393948,
    "uar_macro_recall": 0.9267136690614362,
    "macro_f1": 0.9263883966649508
  },
  "params": {
    "n_estimators": 800,
    "learning_rate": 0.02,
    "max_depth": 6,
    "min_child_weight": 4,
    "subsample": 0.6,
    "colsample_bytree": 0.6,
    "gamma": 5.0,
    "reg_lambda": 1.0,
    "reg_alpha": 0.5
  }
}