{
  "trial_id": 28,
  "mode": "cuda",
  "train_time_sec": 15.283490896224976,
  "metrics": {
    "accuracy": 0.9436265443515574,
    "uar_macro_recall": 0.9358450270167887,
    "macro_f1": 0.9355798213061135
  },
  "params": {
    "n_estimators": 400,
    "learning_rate": 0.07,
    "max_depth": 12,
    "min_child_weight": 1,
    "subsample": 0.6,
    "colsample_bytree": 1.0,
    "gamma": 0.0,
    "reg_lambda": 0.5,
    "reg_alpha": 0.1
  }
}