{
  "trial_id": 16,
  "mode": "cuda",
  "train_time_sec": 6.606559991836548,
  "metrics": {
    "accuracy": 0.9400014796182585,
    "uar_macro_recall": 0.932086908498056,
    "macro_f1": 0.9317980438916704
  },
  "params": {
    "n_estimators": 400,
    "learning_rate": 0.05,
    "max_depth": 12,
    "min_child_weight": 2,
    "subsample": 1.0,
    "colsample_bytree": 0.6,
    "gamma": 1.0,
    "reg_lambda": 10.0,
    "reg_alpha": 2.0
  }
}