{
  "trial_id": 37,
  "mode": "cuda",
  "train_time_sec": 32.80975413322449,
  "metrics": {
    "accuracy": 0.9435525634386328,
    "uar_macro_recall": 0.935642894676614,
    "macro_f1": 0.9353857927458591
  },
  "params": {
    "n_estimators": 1400,
    "learning_rate": 0.03,
    "max_depth": 12,
    "min_child_weight": 4,
    "subsample": 0.7,
    "colsample_bytree": 0.8,
    "gamma": 0.0,
    "reg_lambda": 1.0,
    "reg_alpha": 0.5
  }
}