{
  "trial_id": 13,
  "mode": "cuda",
  "train_time_sec": 5.583203077316284,
  "metrics": {
    "accuracy": 0.9383738995339203,
    "uar_macro_recall": 0.9302804728069576,
    "macro_f1": 0.9300686686321948
  },
  "params": {
    "n_estimators": 1000,
    "learning_rate": 0.02,
    "max_depth": 4,
    "min_child_weight": 1,
    "subsample": 0.7,
    "colsample_bytree": 0.7,
    "gamma": 2.0,
    "reg_lambda": 10.0,
    "reg_alpha": 0.0
  }
}