{
  "trial_id": 36,
  "mode": "cuda",
  "train_time_sec": 3.291496515274048,
  "metrics": {
    "accuracy": 0.9348967966264704,
    "uar_macro_recall": 0.9266644321476111,
    "macro_f1": 0.9263017117043537
  },
  "params": {
    "n_estimators": 1000,
    "learning_rate": 0.05,
    "max_depth": 4,
    "min_child_weight": 1,
    "subsample": 0.9,
    "colsample_bytree": 1.0,
    "gamma": 5.0,
    "reg_lambda": 0.5,
    "reg_alpha": 0.0
  }
}