{
  "trial_id": 29,
  "mode": "cuda",
  "train_time_sec": 12.2315993309021,
  "metrics": {
    "accuracy": 0.944070429829104,
    "uar_macro_recall": 0.9362414668248565,
    "macro_f1": 0.9359808258300375
  },
  "params": {
    "n_estimators": 600,
    "learning_rate": 0.07,
    "max_depth": 10,
    "min_child_weight": 6,
    "subsample": 0.7,
    "colsample_bytree": 0.9,
    "gamma": 0.0,
    "reg_lambda": 1.0,
    "reg_alpha": 1.0
  }
}