{
  "trial_id": 5,
  "mode": "cuda",
  "train_time_sec": 7.512864351272583,
  "metrics": {
    "accuracy": 0.9368203003625065,
    "uar_macro_recall": 0.9287652926336503,
    "macro_f1": 0.9284443839626847
  },
  "params": {
    "n_estimators": 1800,
    "learning_rate": 0.07,
    "max_depth": 12,
    "min_child_weight": 1,
    "subsample": 0.9,
    "colsample_bytree": 0.6,
    "gamma": 5.0,
    "reg_lambda": 2.0,
    "reg_alpha": 2.0
  }
}