{
  "trial_id": 21,
  "mode": "cuda",
  "train_time_sec": 9.066404104232788,
  "metrics": {
    "accuracy": 0.9430346970481616,
    "uar_macro_recall": 0.9352778908227098,
    "macro_f1": 0.9349943217493849
  },
  "params": {
    "n_estimators": 1000,
    "learning_rate": 0.05,
    "max_depth": 10,
    "min_child_weight": 8,
    "subsample": 0.9,
    "colsample_bytree": 0.6,
    "gamma": 0.5,
    "reg_lambda": 1.0,
    "reg_alpha": 0.0
  }
}