{
  "trial_id": 14,
  "mode": "cuda",
  "train_time_sec": 5.051106214523315,
  "metrics": {
    "accuracy": 0.934674853887697,
    "uar_macro_recall": 0.9262206524541347,
    "macro_f1": 0.9258888315789542
  },
  "params": {
    "n_estimators": 1000,
    "learning_rate": 0.07,
    "max_depth": 12,
    "min_child_weight": 6,
    "subsample": 1.0,
    "colsample_bytree": 0.8,
    "gamma": 5.0,
    "reg_lambda": 0.5,
    "reg_alpha": 0.0
  }
}