{
  "trial_id": 34,
  "mode": "cuda",
  "train_time_sec": 4.048271179199219,
  "metrics": {
    "accuracy": 0.9360065103203373,
    "uar_macro_recall": 0.9280708875028278,
    "macro_f1": 0.9277729987418676
  },
  "params": {
    "n_estimators": 1400,
    "learning_rate": 0.1,
    "max_depth": 4,
    "min_child_weight": 8,
    "subsample": 0.6,
    "colsample_bytree": 0.9,
    "gamma": 5.0,
    "reg_lambda": 10.0,
    "reg_alpha": 2.0
  }
}