{
  "trial_id": 15,
  "mode": "cuda",
  "train_time_sec": 7.305571556091309,
  "metrics": {
    "accuracy": 0.9416290597025967,
    "uar_macro_recall": 0.933958661616693,
    "macro_f1": 0.9336171116556247
  },
  "params": {
    "n_estimators": 1800,
    "learning_rate": 0.1,
    "max_depth": 8,
    "min_child_weight": 4,
    "subsample": 0.6,
    "colsample_bytree": 0.8,
    "gamma": 2.0,
    "reg_lambda": 1.0,
    "reg_alpha": 1.0
  }
}