{
  "trial_id": 20,
  "mode": "cuda",
  "train_time_sec": 4.10166335105896,
  "metrics": {
    "accuracy": 0.9375601094917512,
    "uar_macro_recall": 0.9294561572366586,
    "macro_f1": 0.9292105486952438
  },
  "params": {
    "n_estimators": 600,
    "learning_rate": 0.05,
    "max_depth": 12,
    "min_child_weight": 8,
    "subsample": 0.9,
    "colsample_bytree": 0.7,
    "gamma": 5.0,
    "reg_lambda": 1.0,
    "reg_alpha": 0.5
  }
}