{
  "trial_id": 8,
  "mode": "cuda",
  "train_time_sec": 9.335789442062378,
  "metrics": {
    "accuracy": 0.9446622771324998,
    "uar_macro_recall": 0.9371590922543103,
    "macro_f1": 0.936856413176469
  },
  "params": {
    "n_estimators": 1800,
    "learning_rate": 0.05,
    "max_depth": 4,
    "min_child_weight": 8,
    "subsample": 0.7,
    "colsample_bytree": 1.0,
    "gamma": 0.5,
    "reg_lambda": 1.0,
    "reg_alpha": 1.0
  }
}